source_id,source_section_id,source_section_title,recommendation_table_id,recommendation_table_heading,page_location,expected_recommendation_row_count,standalone_narrative_recommendation_count,enumeration_method,reviewer,certification_status,independent_from_inventory_generation,semantic_review_status,deterministic_unavailable_reason,notes
A,S01,Regression section 01,T01,Regression recommendation table 01,p01,4,0,structured_table_enumeration,independent regression reviewer,PASS,yes,PASS,,generic 38-table/131-row dyslipidemia completeness regression
A,S02,Regression section 02,T02,Regression recommendation table 02,p02,4,0,structured_table_enumeration,independent regression reviewer,PASS,yes,PASS,,generic 38-table/131-row dyslipidemia completeness regression
A,S03,Regression section 03,T03,Regression recommendation table 03,p03,4,0,structured_table_enumeration,independent regression reviewer,PASS,yes,PASS,,generic 38-table/131-row dyslipidemia completeness regression
A,S04,Regression section 04,T04,Regression recommendation table 04,p04,4,0,structured_table_enumeration,independent regression reviewer,PASS,yes,PASS,,generic 38-table/131-row dyslipidemia completeness regression
A,S05,Regression section 05,T05,Regression recommendation table 05,p05,4,0,structured_table_enumeration,independent regression reviewer,PASS,yes,PASS,,generic 38-table/131-row dyslipidemia completeness regression
A,S06,Regression section 06,T06,Regression recommendation table 06,p06,4,0,structured_table_enumeration,independent regression reviewer,PASS,yes,PASS,,generic 38-table/131-row dyslipidemia completeness regression
A,S07,Regression section 07,T07,Regression recommendation table 07,p07,4,0,structured_table_enumeration,independent regression reviewer,PASS,yes,PASS,,generic 38-table/131-row dyslipidemia completeness regression
A,S08,Regression section 08,T08,Regression recommendation table 08,p08,4,0,structured_table_enumeration,independent regression reviewer,PASS,yes,PASS,,generic 38-table/131-row dyslipidemia completeness regression
A,S09,Regression section 09,T09,Regression recommendation table 09,p09,4,0,structured_table_enumeration,independent regression reviewer,PASS,yes,PASS,,generic 38-table/131-row dyslipidemia completeness regression
A,S10,Regression section 10,T10,Regression recommendation table 10,p10,4,0,structured_table_enumeration,independent regression reviewer,PASS,yes,PASS,,generic 38-table/131-row dyslipidemia completeness regression
A,S11,Regression section 11,T11,Regression recommendation table 11,p11,4,0,structured_table_enumeration,independent regression reviewer,PASS,yes,PASS,,generic 38-table/131-row dyslipidemia completeness regression
A,S12,Regression section 12,T12,Regression recommendation table 12,p12,4,0,structured_table_enumeration,independent regression reviewer,PASS,yes,PASS,,generic 38-table/131-row dyslipidemia completeness regression
A,S13,Regression section 13,T13,Regression recommendation table 13,p13,4,0,structured_table_enumeration,independent regression reviewer,PASS,yes,PASS,,generic 38-table/131-row dyslipidemia completeness regression
A,S14,Regression section 14,T14,Regression recommendation table 14,p14,4,0,structured_table_enumeration,independent regression reviewer,PASS,yes,PASS,,generic 38-table/131-row dyslipidemia completeness regression
A,S15,Regression section 15,T15,Regression recommendation table 15,p15,4,0,structured_table_enumeration,independent regression reviewer,PASS,yes,PASS,,generic 38-table/131-row dyslipidemia completeness regression
A,S16,Regression section 16,T16,Regression recommendation table 16,p16,4,0,structured_table_enumeration,independent regression reviewer,PASS,yes,PASS,,generic 38-table/131-row dyslipidemia completeness regression
A,S17,Regression section 17,T17,Regression recommendation table 17,p17,4,0,structured_table_enumeration,independent regression reviewer,PASS,yes,PASS,,generic 38-table/131-row dyslipidemia completeness regression
A,S18,Regression section 18,T18,Regression recommendation table 18,p18,3,0,structured_table_enumeration,independent regression reviewer,PASS,yes,PASS,,generic 38-table/131-row dyslipidemia completeness regression
A,S19,Regression section 19,T19,Regression recommendation table 19,p19,3,0,structured_table_enumeration,independent regression reviewer,PASS,yes,PASS,,generic 38-table/131-row dyslipidemia completeness regression
A,S20,Regression section 20,T20,Regression recommendation table 20,p20,3,0,structured_table_enumeration,independent regression reviewer,PASS,yes,PASS,,generic 38-table/131-row dyslipidemia completeness regression
A,S21,Regression section 21,T21,Regression recommendation table 21,p21,3,0,structured_table_enumeration,independent regression reviewer,PASS,yes,PASS,,generic 38-table/131-row dyslipidemia completeness regression
A,S22,Regression section 22,T22,Regression recommendation table 22,p22,3,0,structured_table_enumeration,independent regression reviewer,PASS,yes,PASS,,generic 38-table/131-row dyslipidemia completeness regression
A,S23,Regression section 23,T23,Regression recommendation table 23,p23,3,0,structured_table_enumeration,independent regression reviewer,PASS,yes,PASS,,generic 38-table/131-row dyslipidemia completeness regression
A,S24,Regression section 24,T24,Regression recommendation table 24,p24,3,0,structured_table_enumeration,independent regression reviewer,PASS,yes,PASS,,generic 38-table/131-row dyslipidemia completeness regression
A,S25,Regression section 25,T25,Regression recommendation table 25,p25,3,0,structured_table_enumeration,independent regression reviewer,PASS,yes,PASS,,generic 38-table/131-row dyslipidemia completeness regression
A,S26,Regression section 26,T26,Regression recommendation table 26,p26,3,0,structured_table_enumeration,independent regression reviewer,PASS,yes,PASS,,generic 38-table/131-row dyslipidemia completeness regression
A,S27,Regression section 27,T27,Regression recommendation table 27,p27,3,0,structured_table_enumeration,independent regression reviewer,PASS,yes,PASS,,generic 38-table/131-row dyslipidemia completeness regression
A,S28,Regression section 28,T28,Regression recommendation table 28,p28,3,0,structured_table_enumeration,independent regression reviewer,PASS,yes,PASS,,generic 38-table/131-row dyslipidemia completeness regression
A,S29,Regression section 29,T29,Regression recommendation table 29,p29,3,0,structured_table_enumeration,independent regression reviewer,PASS,yes,PASS,,generic 38-table/131-row dyslipidemia completeness regression
A,S30,Regression section 30,T30,Regression recommendation table 30,p30,3,0,structured_table_enumeration,independent regression reviewer,PASS,yes,PASS,,generic 38-table/131-row dyslipidemia completeness regression
A,S31,Regression section 31,T31,Regression recommendation table 31,p31,3,0,structured_table_enumeration,independent regression reviewer,PASS,yes,PASS,,generic 38-table/131-row dyslipidemia completeness regression
A,S32,Regression section 32,T32,Regression recommendation table 32,p32,3,0,structured_table_enumeration,independent regression reviewer,PASS,yes,PASS,,generic 38-table/131-row dyslipidemia completeness regression
A,S33,Regression section 33,T33,Regression recommendation table 33,p33,3,0,structured_table_enumeration,independent regression reviewer,PASS,yes,PASS,,generic 38-table/131-row dyslipidemia completeness regression
A,S34,Regression section 34,T34,Regression recommendation table 34,p34,3,0,structured_table_enumeration,independent regression reviewer,PASS,yes,PASS,,generic 38-table/131-row dyslipidemia completeness regression
A,S35,Regression section 35,T35,Regression recommendation table 35,p35,3,0,structured_table_enumeration,independent regression reviewer,PASS,yes,PASS,,generic 38-table/131-row dyslipidemia completeness regression
A,S36,Regression section 36,T36,Regression recommendation table 36,p36,3,0,structured_table_enumeration,independent regression reviewer,PASS,yes,PASS,,generic 38-table/131-row dyslipidemia completeness regression
A,S37,Regression section 37,T37,Regression recommendation table 37,p37,3,0,structured_table_enumeration,independent regression reviewer,PASS,yes,PASS,,generic 38-table/131-row dyslipidemia completeness regression
A,S38,Regression section 38,T38,Regression recommendation table 38,p38,3,0,structured_table_enumeration,independent regression reviewer,PASS,yes,PASS,,generic 38-table/131-row dyslipidemia completeness regression
