source_recommendation_id,source_id,source_object_type,start_locator,end_locator,source_section_id,source_section_title,recommendation_table_id,recommendation_table_heading,enumeration_mode,completeness_adjudication_status,reviewed_source_scope,deterministic_unavailable_reason
SRC-001,A,recommendation_row,p1:r1,p1:r1,S01,Regression section 01,T01,Regression recommendation table 01,deterministic,PASS,,
SRC-002,A,recommendation_row,p1:r2,p1:r2,S01,Regression section 01,T01,Regression recommendation table 01,deterministic,PASS,,
SRC-003,A,recommendation_row,p1:r3,p1:r3,S01,Regression section 01,T01,Regression recommendation table 01,deterministic,PASS,,
SRC-004,A,recommendation_row,p1:r4,p1:r4,S01,Regression section 01,T01,Regression recommendation table 01,deterministic,PASS,,
SRC-005,A,recommendation_row,p2:r1,p2:r1,S02,Regression section 02,T02,Regression recommendation table 02,deterministic,PASS,,
SRC-006,A,recommendation_row,p2:r2,p2:r2,S02,Regression section 02,T02,Regression recommendation table 02,deterministic,PASS,,
SRC-007,A,recommendation_row,p2:r3,p2:r3,S02,Regression section 02,T02,Regression recommendation table 02,deterministic,PASS,,
SRC-008,A,recommendation_row,p2:r4,p2:r4,S02,Regression section 02,T02,Regression recommendation table 02,deterministic,PASS,,
SRC-009,A,recommendation_row,p3:r1,p3:r1,S03,Regression section 03,T03,Regression recommendation table 03,deterministic,PASS,,
SRC-010,A,recommendation_row,p3:r2,p3:r2,S03,Regression section 03,T03,Regression recommendation table 03,deterministic,PASS,,
SRC-011,A,recommendation_row,p3:r3,p3:r3,S03,Regression section 03,T03,Regression recommendation table 03,deterministic,PASS,,
SRC-012,A,recommendation_row,p3:r4,p3:r4,S03,Regression section 03,T03,Regression recommendation table 03,deterministic,PASS,,
SRC-013,A,recommendation_row,p4:r1,p4:r1,S04,Regression section 04,T04,Regression recommendation table 04,deterministic,PASS,,
SRC-014,A,recommendation_row,p4:r2,p4:r2,S04,Regression section 04,T04,Regression recommendation table 04,deterministic,PASS,,
SRC-015,A,recommendation_row,p4:r3,p4:r3,S04,Regression section 04,T04,Regression recommendation table 04,deterministic,PASS,,
SRC-016,A,recommendation_row,p4:r4,p4:r4,S04,Regression section 04,T04,Regression recommendation table 04,deterministic,PASS,,
SRC-017,A,recommendation_row,p5:r1,p5:r1,S05,Regression section 05,T05,Regression recommendation table 05,deterministic,PASS,,
SRC-018,A,recommendation_row,p5:r2,p5:r2,S05,Regression section 05,T05,Regression recommendation table 05,deterministic,PASS,,
SRC-019,A,recommendation_row,p5:r3,p5:r3,S05,Regression section 05,T05,Regression recommendation table 05,deterministic,PASS,,
SRC-020,A,recommendation_row,p5:r4,p5:r4,S05,Regression section 05,T05,Regression recommendation table 05,deterministic,PASS,,
SRC-021,A,recommendation_row,p6:r1,p6:r1,S06,Regression section 06,T06,Regression recommendation table 06,deterministic,PASS,,
SRC-022,A,recommendation_row,p6:r2,p6:r2,S06,Regression section 06,T06,Regression recommendation table 06,deterministic,PASS,,
SRC-023,A,recommendation_row,p6:r3,p6:r3,S06,Regression section 06,T06,Regression recommendation table 06,deterministic,PASS,,
SRC-024,A,recommendation_row,p6:r4,p6:r4,S06,Regression section 06,T06,Regression recommendation table 06,deterministic,PASS,,
SRC-025,A,recommendation_row,p7:r1,p7:r1,S07,Regression section 07,T07,Regression recommendation table 07,deterministic,PASS,,
SRC-026,A,recommendation_row,p7:r2,p7:r2,S07,Regression section 07,T07,Regression recommendation table 07,deterministic,PASS,,
SRC-027,A,recommendation_row,p7:r3,p7:r3,S07,Regression section 07,T07,Regression recommendation table 07,deterministic,PASS,,
SRC-028,A,recommendation_row,p7:r4,p7:r4,S07,Regression section 07,T07,Regression recommendation table 07,deterministic,PASS,,
SRC-029,A,recommendation_row,p8:r1,p8:r1,S08,Regression section 08,T08,Regression recommendation table 08,deterministic,PASS,,
SRC-030,A,recommendation_row,p8:r2,p8:r2,S08,Regression section 08,T08,Regression recommendation table 08,deterministic,PASS,,
SRC-031,A,recommendation_row,p8:r3,p8:r3,S08,Regression section 08,T08,Regression recommendation table 08,deterministic,PASS,,
SRC-032,A,recommendation_row,p8:r4,p8:r4,S08,Regression section 08,T08,Regression recommendation table 08,deterministic,PASS,,
SRC-033,A,recommendation_row,p9:r1,p9:r1,S09,Regression section 09,T09,Regression recommendation table 09,deterministic,PASS,,
SRC-034,A,recommendation_row,p9:r2,p9:r2,S09,Regression section 09,T09,Regression recommendation table 09,deterministic,PASS,,
SRC-035,A,recommendation_row,p9:r3,p9:r3,S09,Regression section 09,T09,Regression recommendation table 09,deterministic,PASS,,
SRC-036,A,recommendation_row,p9:r4,p9:r4,S09,Regression section 09,T09,Regression recommendation table 09,deterministic,PASS,,
SRC-037,A,recommendation_row,p10:r1,p10:r1,S10,Regression section 10,T10,Regression recommendation table 10,deterministic,PASS,,
SRC-038,A,recommendation_row,p10:r2,p10:r2,S10,Regression section 10,T10,Regression recommendation table 10,deterministic,PASS,,
SRC-039,A,recommendation_row,p10:r3,p10:r3,S10,Regression section 10,T10,Regression recommendation table 10,deterministic,PASS,,
SRC-040,A,recommendation_row,p10:r4,p10:r4,S10,Regression section 10,T10,Regression recommendation table 10,deterministic,PASS,,
SRC-041,A,recommendation_row,p11:r1,p11:r1,S11,Regression section 11,T11,Regression recommendation table 11,deterministic,PASS,,
SRC-042,A,recommendation_row,p11:r2,p11:r2,S11,Regression section 11,T11,Regression recommendation table 11,deterministic,PASS,,
SRC-043,A,recommendation_row,p11:r3,p11:r3,S11,Regression section 11,T11,Regression recommendation table 11,deterministic,PASS,,
SRC-044,A,recommendation_row,p11:r4,p11:r4,S11,Regression section 11,T11,Regression recommendation table 11,deterministic,PASS,,
SRC-045,A,recommendation_row,p12:r1,p12:r1,S12,Regression section 12,T12,Regression recommendation table 12,deterministic,PASS,,
SRC-046,A,recommendation_row,p12:r2,p12:r2,S12,Regression section 12,T12,Regression recommendation table 12,deterministic,PASS,,
SRC-047,A,recommendation_row,p12:r3,p12:r3,S12,Regression section 12,T12,Regression recommendation table 12,deterministic,PASS,,
SRC-048,A,recommendation_row,p12:r4,p12:r4,S12,Regression section 12,T12,Regression recommendation table 12,deterministic,PASS,,
SRC-049,A,recommendation_row,p13:r1,p13:r1,S13,Regression section 13,T13,Regression recommendation table 13,deterministic,PASS,,
SRC-050,A,recommendation_row,p13:r2,p13:r2,S13,Regression section 13,T13,Regression recommendation table 13,deterministic,PASS,,
SRC-051,A,recommendation_row,p13:r3,p13:r3,S13,Regression section 13,T13,Regression recommendation table 13,deterministic,PASS,,
SRC-052,A,recommendation_row,p13:r4,p13:r4,S13,Regression section 13,T13,Regression recommendation table 13,deterministic,PASS,,
SRC-053,A,recommendation_row,p14:r1,p14:r1,S14,Regression section 14,T14,Regression recommendation table 14,deterministic,PASS,,
SRC-054,A,recommendation_row,p14:r2,p14:r2,S14,Regression section 14,T14,Regression recommendation table 14,deterministic,PASS,,
SRC-055,A,recommendation_row,p14:r3,p14:r3,S14,Regression section 14,T14,Regression recommendation table 14,deterministic,PASS,,
SRC-056,A,recommendation_row,p14:r4,p14:r4,S14,Regression section 14,T14,Regression recommendation table 14,deterministic,PASS,,
SRC-057,A,recommendation_row,p15:r1,p15:r1,S15,Regression section 15,T15,Regression recommendation table 15,deterministic,PASS,,
SRC-058,A,recommendation_row,p15:r2,p15:r2,S15,Regression section 15,T15,Regression recommendation table 15,deterministic,PASS,,
SRC-059,A,recommendation_row,p15:r3,p15:r3,S15,Regression section 15,T15,Regression recommendation table 15,deterministic,PASS,,
SRC-060,A,recommendation_row,p15:r4,p15:r4,S15,Regression section 15,T15,Regression recommendation table 15,deterministic,PASS,,
SRC-061,A,recommendation_row,p16:r1,p16:r1,S16,Regression section 16,T16,Regression recommendation table 16,deterministic,PASS,,
SRC-062,A,recommendation_row,p16:r2,p16:r2,S16,Regression section 16,T16,Regression recommendation table 16,deterministic,PASS,,
SRC-063,A,recommendation_row,p16:r3,p16:r3,S16,Regression section 16,T16,Regression recommendation table 16,deterministic,PASS,,
SRC-064,A,recommendation_row,p16:r4,p16:r4,S16,Regression section 16,T16,Regression recommendation table 16,deterministic,PASS,,
SRC-065,A,recommendation_row,p17:r1,p17:r1,S17,Regression section 17,T17,Regression recommendation table 17,deterministic,PASS,,
SRC-066,A,recommendation_row,p17:r2,p17:r2,S17,Regression section 17,T17,Regression recommendation table 17,deterministic,PASS,,
SRC-067,A,recommendation_row,p17:r3,p17:r3,S17,Regression section 17,T17,Regression recommendation table 17,deterministic,PASS,,
SRC-068,A,recommendation_row,p17:r4,p17:r4,S17,Regression section 17,T17,Regression recommendation table 17,deterministic,PASS,,
SRC-069,A,recommendation_row,p18:r1,p18:r1,S18,Regression section 18,T18,Regression recommendation table 18,deterministic,PASS,,
SRC-070,A,recommendation_row,p18:r2,p18:r2,S18,Regression section 18,T18,Regression recommendation table 18,deterministic,PASS,,
SRC-071,A,recommendation_row,p18:r3,p18:r3,S18,Regression section 18,T18,Regression recommendation table 18,deterministic,PASS,,
SRC-072,A,recommendation_row,p19:r1,p19:r1,S19,Regression section 19,T19,Regression recommendation table 19,deterministic,PASS,,
SRC-073,A,recommendation_row,p19:r2,p19:r2,S19,Regression section 19,T19,Regression recommendation table 19,deterministic,PASS,,
SRC-074,A,recommendation_row,p19:r3,p19:r3,S19,Regression section 19,T19,Regression recommendation table 19,deterministic,PASS,,
SRC-075,A,recommendation_row,p20:r1,p20:r1,S20,Regression section 20,T20,Regression recommendation table 20,deterministic,PASS,,
SRC-076,A,recommendation_row,p20:r2,p20:r2,S20,Regression section 20,T20,Regression recommendation table 20,deterministic,PASS,,
SRC-077,A,recommendation_row,p20:r3,p20:r3,S20,Regression section 20,T20,Regression recommendation table 20,deterministic,PASS,,
SRC-078,A,recommendation_row,p21:r1,p21:r1,S21,Regression section 21,T21,Regression recommendation table 21,deterministic,PASS,,
SRC-079,A,recommendation_row,p21:r2,p21:r2,S21,Regression section 21,T21,Regression recommendation table 21,deterministic,PASS,,
SRC-080,A,recommendation_row,p21:r3,p21:r3,S21,Regression section 21,T21,Regression recommendation table 21,deterministic,PASS,,
SRC-081,A,recommendation_row,p22:r1,p22:r1,S22,Regression section 22,T22,Regression recommendation table 22,deterministic,PASS,,
SRC-082,A,recommendation_row,p22:r2,p22:r2,S22,Regression section 22,T22,Regression recommendation table 22,deterministic,PASS,,
SRC-083,A,recommendation_row,p22:r3,p22:r3,S22,Regression section 22,T22,Regression recommendation table 22,deterministic,PASS,,
SRC-084,A,recommendation_row,p23:r1,p23:r1,S23,Regression section 23,T23,Regression recommendation table 23,deterministic,PASS,,
SRC-085,A,recommendation_row,p23:r2,p23:r2,S23,Regression section 23,T23,Regression recommendation table 23,deterministic,PASS,,
SRC-086,A,recommendation_row,p23:r3,p23:r3,S23,Regression section 23,T23,Regression recommendation table 23,deterministic,PASS,,
SRC-087,A,recommendation_row,p24:r1,p24:r1,S24,Regression section 24,T24,Regression recommendation table 24,deterministic,PASS,,
SRC-088,A,recommendation_row,p24:r2,p24:r2,S24,Regression section 24,T24,Regression recommendation table 24,deterministic,PASS,,
SRC-089,A,recommendation_row,p24:r3,p24:r3,S24,Regression section 24,T24,Regression recommendation table 24,deterministic,PASS,,
SRC-090,A,recommendation_row,p25:r1,p25:r1,S25,Regression section 25,T25,Regression recommendation table 25,deterministic,PASS,,
SRC-091,A,recommendation_row,p25:r2,p25:r2,S25,Regression section 25,T25,Regression recommendation table 25,deterministic,PASS,,
SRC-092,A,recommendation_row,p25:r3,p25:r3,S25,Regression section 25,T25,Regression recommendation table 25,deterministic,PASS,,
SRC-093,A,recommendation_row,p26:r1,p26:r1,S26,Regression section 26,T26,Regression recommendation table 26,deterministic,PASS,,
SRC-094,A,recommendation_row,p26:r2,p26:r2,S26,Regression section 26,T26,Regression recommendation table 26,deterministic,PASS,,
SRC-095,A,recommendation_row,p26:r3,p26:r3,S26,Regression section 26,T26,Regression recommendation table 26,deterministic,PASS,,
SRC-096,A,recommendation_row,p27:r1,p27:r1,S27,Regression section 27,T27,Regression recommendation table 27,deterministic,PASS,,
SRC-097,A,recommendation_row,p27:r2,p27:r2,S27,Regression section 27,T27,Regression recommendation table 27,deterministic,PASS,,
SRC-098,A,recommendation_row,p27:r3,p27:r3,S27,Regression section 27,T27,Regression recommendation table 27,deterministic,PASS,,
SRC-099,A,recommendation_row,p28:r1,p28:r1,S28,Regression section 28,T28,Regression recommendation table 28,deterministic,PASS,,
SRC-100,A,recommendation_row,p28:r2,p28:r2,S28,Regression section 28,T28,Regression recommendation table 28,deterministic,PASS,,
SRC-101,A,recommendation_row,p28:r3,p28:r3,S28,Regression section 28,T28,Regression recommendation table 28,deterministic,PASS,,
SRC-102,A,recommendation_row,p29:r1,p29:r1,S29,Regression section 29,T29,Regression recommendation table 29,deterministic,PASS,,
SRC-103,A,recommendation_row,p29:r2,p29:r2,S29,Regression section 29,T29,Regression recommendation table 29,deterministic,PASS,,
SRC-104,A,recommendation_row,p29:r3,p29:r3,S29,Regression section 29,T29,Regression recommendation table 29,deterministic,PASS,,
SRC-105,A,recommendation_row,p30:r1,p30:r1,S30,Regression section 30,T30,Regression recommendation table 30,deterministic,PASS,,
SRC-106,A,recommendation_row,p30:r2,p30:r2,S30,Regression section 30,T30,Regression recommendation table 30,deterministic,PASS,,
SRC-107,A,recommendation_row,p30:r3,p30:r3,S30,Regression section 30,T30,Regression recommendation table 30,deterministic,PASS,,
SRC-108,A,recommendation_row,p31:r1,p31:r1,S31,Regression section 31,T31,Regression recommendation table 31,deterministic,PASS,,
SRC-109,A,recommendation_row,p31:r2,p31:r2,S31,Regression section 31,T31,Regression recommendation table 31,deterministic,PASS,,
SRC-110,A,recommendation_row,p31:r3,p31:r3,S31,Regression section 31,T31,Regression recommendation table 31,deterministic,PASS,,
SRC-111,A,recommendation_row,p32:r1,p32:r1,S32,Regression section 32,T32,Regression recommendation table 32,deterministic,PASS,,
SRC-112,A,recommendation_row,p32:r2,p32:r2,S32,Regression section 32,T32,Regression recommendation table 32,deterministic,PASS,,
SRC-113,A,recommendation_row,p32:r3,p32:r3,S32,Regression section 32,T32,Regression recommendation table 32,deterministic,PASS,,
SRC-114,A,recommendation_row,p33:r1,p33:r1,S33,Regression section 33,T33,Regression recommendation table 33,deterministic,PASS,,
SRC-115,A,recommendation_row,p33:r2,p33:r2,S33,Regression section 33,T33,Regression recommendation table 33,deterministic,PASS,,
SRC-116,A,recommendation_row,p33:r3,p33:r3,S33,Regression section 33,T33,Regression recommendation table 33,deterministic,PASS,,
SRC-117,A,recommendation_row,p34:r1,p34:r1,S34,Regression section 34,T34,Regression recommendation table 34,deterministic,PASS,,
SRC-118,A,recommendation_row,p34:r2,p34:r2,S34,Regression section 34,T34,Regression recommendation table 34,deterministic,PASS,,
SRC-119,A,recommendation_row,p34:r3,p34:r3,S34,Regression section 34,T34,Regression recommendation table 34,deterministic,PASS,,
SRC-120,A,recommendation_row,p35:r1,p35:r1,S35,Regression section 35,T35,Regression recommendation table 35,deterministic,PASS,,
SRC-121,A,recommendation_row,p35:r2,p35:r2,S35,Regression section 35,T35,Regression recommendation table 35,deterministic,PASS,,
SRC-122,A,recommendation_row,p35:r3,p35:r3,S35,Regression section 35,T35,Regression recommendation table 35,deterministic,PASS,,
SRC-123,A,recommendation_row,p36:r1,p36:r1,S36,Regression section 36,T36,Regression recommendation table 36,deterministic,PASS,,
SRC-124,A,recommendation_row,p36:r2,p36:r2,S36,Regression section 36,T36,Regression recommendation table 36,deterministic,PASS,,
SRC-125,A,recommendation_row,p36:r3,p36:r3,S36,Regression section 36,T36,Regression recommendation table 36,deterministic,PASS,,
SRC-126,A,recommendation_row,p37:r1,p37:r1,S37,Regression section 37,T37,Regression recommendation table 37,deterministic,PASS,,
SRC-127,A,recommendation_row,p37:r2,p37:r2,S37,Regression section 37,T37,Regression recommendation table 37,deterministic,PASS,,
SRC-128,A,recommendation_row,p37:r3,p37:r3,S37,Regression section 37,T37,Regression recommendation table 37,deterministic,PASS,,
SRC-129,A,recommendation_row,p38:r1,p38:r1,S38,Regression section 38,T38,Regression recommendation table 38,deterministic,PASS,,
SRC-130,A,recommendation_row,p38:r2,p38:r2,S38,Regression section 38,T38,Regression recommendation table 38,deterministic,PASS,,
